{
  "checkpoint": "checkpoints\\cnn2d\\cnn2d_xy_lr0.0001_bs16_wd0.001_sccosine__best.pt",
  "saved_epoch": 50,
  "best_val_loss": 1.388183299700419,
  "val_loss": 1.386266334851583,
  "accuracy": 0.8666666666666667,
  "balanced_accuracy": 0.8666666666666666,
  "f1_macro": 0.8323809523809524,
  "f1_weighted": 0.8323809523809523,
  "top2_accuracy": 1.0,
  "per_class": {
    "belum": {
      "precision": 0.0,
      "recall": 0.0,
      "f1": 0.0,
      "support": 3
    },
    "hati_hati": {
      "precision": 1.0,
      "recall": 1.0,
      "f1": 1.0,
      "support": 3
    },
    "hobi": {
      "precision": 1.0,
      "recall": 1.0,
      "f1": 1.0,
      "support": 3
    },
    "izin": {
      "precision": 1.0,
      "recall": 1.0,
      "f1": 1.0,
      "support": 3
    },
    "maaf": {
      "precision": 1.0,
      "recall": 1.0,
      "f1": 1.0,
      "support": 3
    },
    "sahabat": {
      "precision": 1.0,
      "recall": 0.6666666666666666,
      "f1": 0.8,
      "support": 3
    },
    "teman": {
      "precision": 0.75,
      "recall": 1.0,
      "f1": 0.8571428571428571,
      "support": 3
    },
    "terima_kasih": {
      "precision": 1.0,
      "recall": 1.0,
      "f1": 1.0,
      "support": 3
    },
    "tidak_punya": {
      "precision": 0.5,
      "recall": 1.0,
      "f1": 0.6666666666666666,
      "support": 3
    },
    "ulang": {
      "precision": 1.0,
      "recall": 1.0,
      "f1": 1.0,
      "support": 3
    }
  },
  "confusion_matrix": [
    [
      0,
      0,
      0,
      0,
      0,
      0,
      0,
      0,
      3,
      0
    ],
    [
      0,
      3,
      0,
      0,
      0,
      0,
      0,
      0,
      0,
      0
    ],
    [
      0,
      0,
      3,
      0,
      0,
      0,
      0,
      0,
      0,
      0
    ],
    [
      0,
      0,
      0,
      3,
      0,
      0,
      0,
      0,
      0,
      0
    ],
    [
      0,
      0,
      0,
      0,
      3,
      0,
      0,
      0,
      0,
      0
    ],
    [
      0,
      0,
      0,
      0,
      0,
      2,
      1,
      0,
      0,
      0
    ],
    [
      0,
      0,
      0,
      0,
      0,
      0,
      3,
      0,
      0,
      0
    ],
    [
      0,
      0,
      0,
      0,
      0,
      0,
      0,
      3,
      0,
      0
    ],
    [
      0,
      0,
      0,
      0,
      0,
      0,
      0,
      0,
      3,
      0
    ],
    [
      0,
      0,
      0,
      0,
      0,
      0,
      0,
      0,
      0,
      3
    ]
  ]
}