{
  "checkpoint": "checkpoints\\resnet34\\resnet34_xy_dxdy_lr0.0001_bs16_wd0.001_sccosine__best.pt",
  "saved_epoch": 9,
  "best_val_loss": 0.2718023886283239,
  "val_loss": 0.11759377258519331,
  "accuracy": 0.9333333333333333,
  "balanced_accuracy": 0.9333333333333332,
  "f1_macro": 0.9349999999999999,
  "f1_weighted": 0.935,
  "top2_accuracy": 1.0,
  "per_class": {
    "belum": {
      "precision": 1.0,
      "recall": 0.6666666666666666,
      "f1": 0.8,
      "support": 3
    },
    "hati_hati": {
      "precision": 1.0,
      "recall": 1.0,
      "f1": 1.0,
      "support": 3
    },
    "hobi": {
      "precision": 1.0,
      "recall": 1.0,
      "f1": 1.0,
      "support": 3
    },
    "izin": {
      "precision": 1.0,
      "recall": 1.0,
      "f1": 1.0,
      "support": 3
    },
    "maaf": {
      "precision": 1.0,
      "recall": 0.6666666666666666,
      "f1": 0.8,
      "support": 3
    },
    "sahabat": {
      "precision": 1.0,
      "recall": 1.0,
      "f1": 1.0,
      "support": 3
    },
    "teman": {
      "precision": 1.0,
      "recall": 1.0,
      "f1": 1.0,
      "support": 3
    },
    "terima_kasih": {
      "precision": 1.0,
      "recall": 1.0,
      "f1": 1.0,
      "support": 3
    },
    "tidak_punya": {
      "precision": 0.6,
      "recall": 1.0,
      "f1": 0.75,
      "support": 3
    },
    "ulang": {
      "precision": 1.0,
      "recall": 1.0,
      "f1": 1.0,
      "support": 3
    }
  },
  "confusion_matrix": [
    [
      2,
      0,
      0,
      0,
      0,
      0,
      0,
      0,
      1,
      0
    ],
    [
      0,
      3,
      0,
      0,
      0,
      0,
      0,
      0,
      0,
      0
    ],
    [
      0,
      0,
      3,
      0,
      0,
      0,
      0,
      0,
      0,
      0
    ],
    [
      0,
      0,
      0,
      3,
      0,
      0,
      0,
      0,
      0,
      0
    ],
    [
      0,
      0,
      0,
      0,
      2,
      0,
      0,
      0,
      1,
      0
    ],
    [
      0,
      0,
      0,
      0,
      0,
      3,
      0,
      0,
      0,
      0
    ],
    [
      0,
      0,
      0,
      0,
      0,
      0,
      3,
      0,
      0,
      0
    ],
    [
      0,
      0,
      0,
      0,
      0,
      0,
      0,
      3,
      0,
      0
    ],
    [
      0,
      0,
      0,
      0,
      0,
      0,
      0,
      0,
      3,
      0
    ],
    [
      0,
      0,
      0,
      0,
      0,
      0,
      0,
      0,
      0,
      3
    ]
  ]
}