{
  "checkpoint": "checkpoints\\resnet18\\resnet18_xy_lr0.0001_bs16_wd0.001__best.pt",
  "saved_epoch": 18,
  "best_val_loss": 0.03876070280869802,
  "test_loss": 0.1622437983751297,
  "accuracy": 0.95,
  "balanced_accuracy": 0.95,
  "f1_macro": 0.9466666666666667,
  "f1_weighted": 0.9466666666666667,
  "top2_accuracy": 1.0,
  "per_class": {
    "belum": {
      "precision": 1.0,
      "recall": 1.0,
      "f1": 1.0,
      "support": 2
    },
    "hati_hati": {
      "precision": 0.6666666666666666,
      "recall": 1.0,
      "f1": 0.8,
      "support": 2
    },
    "hobi": {
      "precision": 1.0,
      "recall": 0.5,
      "f1": 0.6666666666666666,
      "support": 2
    },
    "izin": {
      "precision": 1.0,
      "recall": 1.0,
      "f1": 1.0,
      "support": 2
    },
    "maaf": {
      "precision": 1.0,
      "recall": 1.0,
      "f1": 1.0,
      "support": 2
    },
    "sahabat": {
      "precision": 1.0,
      "recall": 1.0,
      "f1": 1.0,
      "support": 2
    },
    "teman": {
      "precision": 1.0,
      "recall": 1.0,
      "f1": 1.0,
      "support": 2
    },
    "terima_kasih": {
      "precision": 1.0,
      "recall": 1.0,
      "f1": 1.0,
      "support": 2
    },
    "tidak_punya": {
      "precision": 1.0,
      "recall": 1.0,
      "f1": 1.0,
      "support": 2
    },
    "ulang": {
      "precision": 1.0,
      "recall": 1.0,
      "f1": 1.0,
      "support": 2
    }
  },
  "confusion_matrix": [
    [
      2,
      0,
      0,
      0,
      0,
      0,
      0,
      0,
      0,
      0
    ],
    [
      0,
      2,
      0,
      0,
      0,
      0,
      0,
      0,
      0,
      0
    ],
    [
      0,
      1,
      1,
      0,
      0,
      0,
      0,
      0,
      0,
      0
    ],
    [
      0,
      0,
      0,
      2,
      0,
      0,
      0,
      0,
      0,
      0
    ],
    [
      0,
      0,
      0,
      0,
      2,
      0,
      0,
      0,
      0,
      0
    ],
    [
      0,
      0,
      0,
      0,
      0,
      2,
      0,
      0,
      0,
      0
    ],
    [
      0,
      0,
      0,
      0,
      0,
      0,
      2,
      0,
      0,
      0
    ],
    [
      0,
      0,
      0,
      0,
      0,
      0,
      0,
      2,
      0,
      0
    ],
    [
      0,
      0,
      0,
      0,
      0,
      0,
      0,
      0,
      2,
      0
    ],
    [
      0,
      0,
      0,
      0,
      0,
      0,
      0,
      0,
      0,
      2
    ]
  ]
}